-- phpMyAdmin SQL Dump
-- version 5.1.1
-- https://www.phpmyadmin.net/
--
-- Host: 127.0.0.1
-- Generation Time: Feb 26, 2022 at 09:44 PM
-- Server version: 10.4.22-MariaDB
-- PHP Version: 8.1.2

SET SQL_MODE = "NO_AUTO_VALUE_ON_ZERO";
START TRANSACTION;
SET time_zone = "+00:00";


/*!40101 SET @OLD_CHARACTER_SET_CLIENT=@@CHARACTER_SET_CLIENT */;
/*!40101 SET @OLD_CHARACTER_SET_RESULTS=@@CHARACTER_SET_RESULTS */;
/*!40101 SET @OLD_COLLATION_CONNECTION=@@COLLATION_CONNECTION */;
/*!40101 SET NAMES utf8mb4 */;

--
-- Database: `nti`
--

-- --------------------------------------------------------

--
-- Table structure for table `addresses`
--

CREATE TABLE `addresses` (
  `id` bigint(20) UNSIGNED NOT NULL,
  `street` varchar(100) NOT NULL,
  `buliding` varchar(100) NOT NULL,
  `floor` int(50) NOT NULL,
  `flat` int(8) NOT NULL,
  `notes` longtext DEFAULT NULL,
  `user_id` bigint(20) UNSIGNED NOT NULL,
  `region_id` bigint(20) UNSIGNED NOT NULL,
  `created_at` timestamp NOT NULL DEFAULT current_timestamp(),
  `update_at` timestamp NOT NULL DEFAULT current_timestamp() ON UPDATE current_timestamp()
) ENGINE=InnoDB DEFAULT CHARSET=utf8mb4;

--
-- Dumping data for table `addresses`
--

INSERT INTO `addresses` (`id`, `street`, `buliding`, `floor`, `flat`, `notes`, `user_id`, `region_id`, `created_at`, `update_at`) VALUES
(1, '24', ' block 8', 45, 5, NULL, 2, 2, '2022-02-18 22:02:14', '2022-02-18 22:02:14'),
(2, 'street', '5', 3, 2, NULL, 1, 1, '2022-02-18 22:02:14', '2022-02-18 22:02:14');

-- --------------------------------------------------------

--
-- Table structure for table `brands`
--

CREATE TABLE `brands` (
  `id` bigint(20) UNSIGNED NOT NULL,
  `name_ar` varchar(100) NOT NULL,
  `name_en` varchar(100) NOT NULL,
  `status` tinyint(1) NOT NULL COMMENT ' 0=> exist   1-=>brand not exist',
  `image` varchar(100) NOT NULL,
  `created_at` timestamp NOT NULL DEFAULT current_timestamp(),
  `updated_at` timestamp NOT NULL DEFAULT current_timestamp()
) ENGINE=InnoDB DEFAULT CHARSET=utf8mb4;

--
-- Dumping data for table `brands`
--

INSERT INTO `brands` (`id`, `name_ar`, `name_en`, `status`, `image`, `created_at`, `updated_at`) VALUES
(1, 'سامسونج', 'Samsung', 1, 'samsung.png', '2021-11-18 09:10:26', '2021-11-18 09:10:26'),
(2, 'ديل', 'DELL', 1, 'dell.png', '2021-11-18 09:10:26', '2021-11-18 09:10:26'),
(3, 'لينوفو', 'Lenovo', 1, 'lenovo.png', '2021-11-18 09:10:26', '2021-11-18 09:10:26'),
(4, 'ابل', 'apple', 1, 'apple.png', '2021-11-18 09:10:26', '2021-11-18 09:10:26'),
(5, 'oppo', 'oppo', 1, 'oppo.png', '2021-11-24 04:57:47', '2021-11-24 04:57:47'),
(6, 'lg', 'lg', 1, 'lg.png', '2021-11-24 04:57:47', '2021-11-24 04:57:47'),
(7, 'HP', 'HP', 1, 'hp.png', '2022-02-23 09:24:06', '2022-02-23 09:24:06'),
(8, 'ASUS', 'ASUS', 1, 'asus.png', '2022-02-23 09:24:06', '2022-02-23 09:24:06');

-- --------------------------------------------------------

--
-- Table structure for table `cards`
--

CREATE TABLE `cards` (
  `product_id` bigint(20) UNSIGNED NOT NULL,
  `user_id` bigint(20) UNSIGNED NOT NULL,
  `quantity` int(3) DEFAULT 1
) ENGINE=InnoDB DEFAULT CHARSET=utf8mb4;

-- --------------------------------------------------------

--
-- Table structure for table `categories`
--

CREATE TABLE `categories` (
  `id` bigint(20) UNSIGNED NOT NULL,
  `name_ar` varchar(100) NOT NULL,
  `name_en` varchar(100) NOT NULL,
  `status` tinyint(1) NOT NULL DEFAULT 1,
  `created_at` timestamp NOT NULL DEFAULT current_timestamp(),
  `updated_at` timestamp NOT NULL DEFAULT current_timestamp()
) ENGINE=InnoDB DEFAULT CHARSET=utf8mb4;

--
-- Dumping data for table `categories`
--

INSERT INTO `categories` (`id`, `name_ar`, `name_en`, `status`, `created_at`, `updated_at`) VALUES
(20, 'ادوات كهربائية', 'electorinics', 1, '2021-11-17 10:05:23', '2021-11-17 10:10:48'),
(32, 'مطبخ', 'kitchen', 1, '2021-11-18 09:54:51', '2021-11-18 09:54:51'),
(33, 'سوبرماركت', 'supermarket', 1, '2022-02-23 07:26:47', '2022-02-23 07:26:47'),
(34, 'موضة وازياء', 'fashion', 1, '2022-02-23 07:26:47', '2022-02-23 07:26:47');

-- --------------------------------------------------------

--
-- Table structure for table `cities`
--

CREATE TABLE `cities` (
  `id` bigint(20) UNSIGNED NOT NULL,
  `name_ar` varchar(100) NOT NULL,
  `name_en` varchar(100) NOT NULL,
  `status` tinyint(1) DEFAULT NULL COMMENT ' 0=>no charge , 1=>has charge',
  `region_id` bigint(20) UNSIGNED NOT NULL,
  `update_at` timestamp NOT NULL DEFAULT current_timestamp() ON UPDATE current_timestamp(),
  `created_at` timestamp NOT NULL DEFAULT current_timestamp()
) ENGINE=InnoDB DEFAULT CHARSET=utf8mb4;

--
-- Dumping data for table `cities`
--

INSERT INTO `cities` (`id`, `name_ar`, `name_en`, `status`, `region_id`, `update_at`, `created_at`) VALUES
(1, 'مدينة نصر', 'Nasr city', 1, 1, '2022-02-18 21:56:33', '2022-02-18 21:56:33'),
(2, 'الزقازيق', 'zagazig', NULL, 2, '2022-02-18 21:56:33', '2022-02-18 21:56:33');

-- --------------------------------------------------------

--
-- Table structure for table `coupons`
--

CREATE TABLE `coupons` (
  `id` bigint(20) UNSIGNED ZEROFILL NOT NULL,
  `code` int(7) NOT NULL,
  `discount` int(2) NOT NULL,
  `start_date` timestamp NOT NULL DEFAULT current_timestamp(),
  `end_date` timestamp(3) NOT NULL DEFAULT current_timestamp(3),
  `discount_type` enum('0','1') NOT NULL DEFAULT '0' COMMENT '0=> numeric discount  1=> percentage discount',
  `max_discount_value` int(11) NOT NULL,
  `min_order_value` int(15) NOT NULL,
  `max_usage_per_user` int(1) NOT NULL,
  `max_usage_in_general` int(3) NOT NULL,
  `created_at` timestamp NOT NULL DEFAULT current_timestamp(),
  `update_at` timestamp NOT NULL DEFAULT current_timestamp() ON UPDATE current_timestamp()
) ENGINE=InnoDB DEFAULT CHARSET=utf8mb4;

-- --------------------------------------------------------

--
-- Table structure for table `offers`
--

CREATE TABLE `offers` (
  `id` bigint(20) UNSIGNED NOT NULL,
  `title_en` varchar(100) NOT NULL,
  `title_ar` varchar(100) NOT NULL,
  `image` varchar(100) NOT NULL,
  `start_date` timestamp NOT NULL DEFAULT current_timestamp(),
  `discount` int(3) NOT NULL,
  `discount_type` enum('0','1') NOT NULL DEFAULT '0' COMMENT '0=>numeric 1=> percentage',
  `end_date` timestamp NOT NULL DEFAULT current_timestamp()
) ENGINE=InnoDB DEFAULT CHARSET=utf8mb4;

-- --------------------------------------------------------

--
-- Table structure for table `offer_product`
--

CREATE TABLE `offer_product` (
  `product_id` bigint(20) UNSIGNED DEFAULT NULL,
  `offer_id` bigint(20) UNSIGNED DEFAULT NULL,
  `price_after_discount` decimal(8,2) DEFAULT NULL
) ENGINE=InnoDB DEFAULT CHARSET=utf8mb4;

-- --------------------------------------------------------

--
-- Table structure for table `orders`
--

CREATE TABLE `orders` (
  `id` bigint(20) UNSIGNED NOT NULL,
  `status` tinyint(3) DEFAULT 0 COMMENT '0=>bending 1=>chip  2=> on my way  3=>deliverd',
  `total_price` decimal(8,2) NOT NULL,
  `deliverd_data` timestamp NOT NULL DEFAULT current_timestamp(),
  `address_id` bigint(20) UNSIGNED NOT NULL,
  `coupon_id` bigint(20) UNSIGNED NOT NULL,
  `created_at` timestamp NOT NULL DEFAULT current_timestamp(),
  `update_at` timestamp NOT NULL DEFAULT current_timestamp()
) ENGINE=InnoDB DEFAULT CHARSET=utf8mb4;

-- --------------------------------------------------------

--
-- Table structure for table `order_product`
--

CREATE TABLE `order_product` (
  `product_id` bigint(20) UNSIGNED DEFAULT NULL,
  `order_id` bigint(20) UNSIGNED DEFAULT NULL,
  `price` decimal(8,2) DEFAULT NULL,
  `quantity` int(11) DEFAULT NULL
) ENGINE=InnoDB DEFAULT CHARSET=utf8mb4;

-- --------------------------------------------------------

--
-- Table structure for table `products`
--

CREATE TABLE `products` (
  `id` bigint(20) UNSIGNED NOT NULL,
  `name_ar` varchar(100) NOT NULL,
  `name_en` varchar(100) NOT NULL,
  `status` tinyint(1) DEFAULT 1,
  `price` decimal(8,2) NOT NULL,
  `code` int(5) UNSIGNED NOT NULL,
  `quantity` int(4) DEFAULT 1,
  `image` varchar(100) NOT NULL,
  `des_ar` longtext NOT NULL,
  `des_en` longtext NOT NULL,
  `sub_category_id` bigint(20) UNSIGNED NOT NULL,
  `brand_id` bigint(20) UNSIGNED DEFAULT NULL,
  `created_at` timestamp NOT NULL DEFAULT current_timestamp(),
  `updated_at` timestamp NOT NULL DEFAULT current_timestamp()
) ENGINE=InnoDB DEFAULT CHARSET=utf8mb4;

--
-- Dumping data for table `products`
--

INSERT INTO `products` (`id`, `name_ar`, `name_en`, `status`, `price`, `code`, `quantity`, `image`, `des_ar`, `des_en`, `sub_category_id`, `brand_id`, `created_at`, `updated_at`) VALUES
(40, 'لابتوب', 'laptop', 1, '250.00', 12345, 1, 'dell.jpg', 'هناك حقيقة مثبتة منذ زمن طويل وهي أن المحتوى المقروء لصفحة ما سيلهي القارئ عن التركيز على الشكل الخارجي للنص أو شكل توضع الفقرات في الصفحة التي يقرأها. ولذلك يتم استخدام طريقة لوريم إيبسوم لأنها تعطي توزيعاَ طبيعياَ -إلى حد ما- للأحرف عوضاً عن استخدام \"هنا يوجد محتوى نصي، هنا يوجد محتوى نصي\" فتجعلها تبدو (أي الأحرف) وكأنها نص مقروء. العديد من برامح النشر المكتبي وبرامح تحرير صفحات الويب تستخدم لوريم إيبسوم بشكل إفتراضي كنموذج عن النص، وإذا قمت بإدخال \"lorem ipsum\" في أي محرك بحث ستظهر العديد من المواقع الحديثة العهد في نتائج البحث. على مدى السنين ظهرت نسخ جديدة ومختلفة من نص لوريم إيبسوم، أحياناً عن طريق الصدفة، وأحياناً عن عمد كإدخال بعض العبارات الفكاهية إليها.\r\n\r\n', 'Lorem Ipsum is simply dummy text of the printing and typesetting industry. Lorem Ipsum has been the industry\'s standard dummy text ever since the 1500s, when an unknown printer took a galley of type and scrambled it to make a type specimen book. It has survived not only five centuries, but also the leap into electronic typesetting, remaining essentially unchanged. It was popularised in the 1960s with the release of Letraset sheets containing Lorem Ipsum passages, and more recently with desktop publishing software like Aldus PageMaker including versions of Lorem Ipsum.\r\n\r\n', 1, 1, '2021-11-18 09:13:16', '2021-11-29 07:33:02'),
(41, 'a 50', 'a 50', 0, '4000.00', 321244, 1, 'a50.jpg', 'هناك حقيقة مثبتة منذ زمن طويل وهي أن المحتوى المقروء لصفحة ما سيلهي القارئ عن التركيز على الشكل الخارجي للنص أو شكل توضع الفقرات في الصفحة التي يقرأها. ولذلك يتم استخدام طريقة لوريم إيبسوم لأنها تعطي توزيعاَ طبيعياَ -إلى حد ما- للأحرف عوضاً عن استخدام \"هنا يوجد محتوى نصي، هنا يوجد محتوى نصي\" فتجعلها تبدو (أي الأحرف) وكأنها نص مقروء. العديد من برامح النشر المكتبي وبرامح تحرير صفحات الويب تستخدم لوريم إيبسوم بشكل إفتراضي كنموذج عن النص، وإذا قمت بإدخال \"lorem ipsum\" في أي محرك بحث ستظهر العديد من المواقع الحديثة العهد في نتائج البحث. على مدى السنين ظهرت نسخ جديدة ومختلفة من نص لوريم إيبسوم، أحياناً عن طريق الصدفة، وأحياناً عن عمد كإدخال بعض العبارات الفكاهية إليها.\r\n\r\n', 'Lorem Ipsum is simply dummy text of the printing and typesetting industry. Lorem Ipsum has been the industry\'s standard dummy text ever since the 1500s, when an unknown printer took a galley of type and scrambled it to make a type specimen book. It has survived not only five centuries, but also the leap into electronic typesetting, remaining essentially unchanged. It was popularised in the 1960s with the release of Letraset sheets containing Lorem Ipsum passages, and more recently with desktop publishing software like Aldus PageMaker including versions of Lorem Ipsum.\r\n\r\n', 5, 1, '2021-11-18 09:13:16', '2021-11-24 05:18:24'),
(42, 'tv 55 inch', 'tv 55 inch', 1, '10000.00', 55525, 1, 'tv55.jpg', 'هناك حقيقة مثبتة منذ زمن طويل وهي أن المحتوى المقروء لصفحة ما سيلهي القارئ عن التركيز على الشكل الخارجي للنص أو شكل توضع الفقرات في الصفحة التي يقرأها. ولذلك يتم استخدام طريقة لوريم إيبسوم لأنها تعطي توزيعاَ طبيعياَ -إلى حد ما- للأحرف عوضاً عن استخدام \"هنا يوجد محتوى نصي، هنا يوجد محتوى نصي\" فتجعلها تبدو (أي الأحرف) وكأنها نص مقروء. العديد من برامح النشر المكتبي وبرامح تحرير صفحات الويب تستخدم لوريم إيبسوم بشكل إفتراضي كنموذج عن النص، وإذا قمت بإدخال \"lorem ipsum\" في أي محرك بحث ستظهر العديد من المواقع الحديثة العهد في نتائج البحث. على مدى السنين ظهرت نسخ جديدة ومختلفة من نص لوريم إيبسوم، أحياناً عن طريق الصدفة، وأحياناً عن عمد كإدخال بعض العبارات الفكاهية إليها.\r\n\r\n', 'Lorem Ipsum is simply dummy text of the printing and typesetting industry. Lorem Ipsum has been the industry\'s standard dummy text ever since the 1500s, when an unknown printer took a galley of type and scrambled it to make a type specimen book. It has survived not only five centuries, but also the leap into electronic typesetting, remaining essentially unchanged. It was popularised in the 1960s with the release of Letraset sheets containing Lorem Ipsum passages, and more recently with desktop publishing software like Aldus PageMaker including versions of Lorem Ipsum.\r\n\r\n', 7, 4, '2021-11-18 09:13:16', '2021-11-29 07:33:40'),
(43, 'MacBook PRo', 'MacBook PRo', 1, '40000.00', 52524, 2, 'mac.jpg', 'هناك حقيقة مثبتة منذ زمن طويل وهي أن المحتوى المقروء لصفحة ما سيلهي القارئ عن التركيز على الشكل الخارجي للنص أو شكل توضع الفقرات في الصفحة التي يقرأها. ولذلك يتم استخدام طريقة لوريم إيبسوم لأنها تعطي توزيعاَ طبيعياَ -إلى حد ما- للأحرف عوضاً عن استخدام \"هنا يوجد محتوى نصي، هنا يوجد محتوى نصي\" فتجعلها تبدو (أي الأحرف) وكأنها نص مقروء. العديد من برامح النشر المكتبي وبرامح تحرير صفحات الويب تستخدم لوريم إيبسوم بشكل إفتراضي كنموذج عن النص، وإذا قمت بإدخال \"lorem ipsum\" في أي محرك بحث ستظهر العديد من المواقع الحديثة العهد في نتائج البحث. على مدى السنين ظهرت نسخ جديدة ومختلفة من نص لوريم إيبسوم، أحياناً عن طريق الصدفة، وأحياناً عن عمد كإدخال بعض العبارات الفكاهية إليها.\r\n\r\n', 'Lorem Ipsum is simply dummy text of the printing and typesetting industry. Lorem Ipsum has been the industry\'s standard dummy text ever since the 1500s, when an unknown printer took a galley of type and scrambled it to make a type specimen book. It has survived not only five centuries, but also the leap into electronic typesetting, remaining essentially unchanged. It was popularised in the 1960s with the release of Letraset sheets containing Lorem Ipsum passages, and more recently with desktop publishing software like Aldus PageMaker including versions of Lorem Ipsum.\r\n\r\n', 1, 4, '2021-09-22 04:07:40', '2021-11-29 07:33:28'),
(44, 's21', 's21', 1, '15000.00', 123213, 10, 's21.jpg', 'هناك حقيقة مثبتة منذ زمن طويل وهي أن المحتوى المقروء لصفحة ما سيلهي القارئ عن التركيز على الشكل الخارجي للنص أو شكل توضع الفقرات في الصفحة التي يقرأها. ولذلك يتم استخدام طريقة لوريم إيبسوم لأنها تعطي توزيعاَ طبيعياَ -إلى حد ما- للأحرف عوضاً عن استخدام \"هنا يوجد محتوى نصي، هنا يوجد محتوى نصي\" فتجعلها تبدو (أي الأحرف) وكأنها نص مقروء. العديد من برامح النشر المكتبي وبرامح تحرير صفحات الويب تستخدم لوريم إيبسوم بشكل إفتراضي كنموذج عن النص، وإذا قمت بإدخال \"lorem ipsum\" في أي محرك بحث ستظهر العديد من المواقع الحديثة العهد في نتائج البحث. على مدى السنين ظهرت نسخ جديدة ومختلفة من نص لوريم إيبسوم، أحياناً عن طريق الصدفة، وأحياناً عن عمد كإدخال بعض العبارات الفكاهية إليها.\r\n\r\n', 'Lorem Ipsum is simply dummy text of the printing and typesetting industry. Lorem Ipsum has been the industry\'s standard dummy text ever since the 1500s, when an unknown printer took a galley of type and scrambled it to make a type specimen book. It has survived not only five centuries, but also the leap into electronic typesetting, remaining essentially unchanged. It was popularised in the 1960s with the release of Letraset sheets containing Lorem Ipsum passages, and more recently with desktop publishing software like Aldus PageMaker including versions of Lorem Ipsum.\r\n\r\n', 5, 1, '2021-09-22 04:07:40', '2021-11-24 04:54:58'),
(45, 'iphone 13', 'iphone 13', 1, '25000.00', 12525, 20, 'iphone13.jpg', 'هناك حقيقة مثبتة منذ زمن طويل وهي أن المحتوى المقروء لصفحة ما سيلهي القارئ عن التركيز على الشكل الخارجي للنص أو شكل توضع الفقرات في الصفحة التي يقرأها. ولذلك يتم استخدام طريقة لوريم إيبسوم لأنها تعطي توزيعاَ طبيعياَ -إلى حد ما- للأحرف عوضاً عن استخدام \"هنا يوجد محتوى نصي، هنا يوجد محتوى نصي\" فتجعلها تبدو (أي الأحرف) وكأنها نص مقروء. العديد من برامح النشر المكتبي وبرامح تحرير صفحات الويب تستخدم لوريم إيبسوم بشكل إفتراضي كنموذج عن النص، وإذا قمت بإدخال \"lorem ipsum\" في أي محرك بحث ستظهر العديد من المواقع الحديثة العهد في نتائج البحث. على مدى السنين ظهرت نسخ جديدة ومختلفة من نص لوريم إيبسوم، أحياناً عن طريق الصدفة، وأحياناً عن عمد كإدخال بعض العبارات الفكاهية إليها.\r\n\r\n', 'Lorem Ipsum is simply dummy text of the printing and typesetting industry. Lorem Ipsum has been the industry\'s standard dummy text ever since the 1500s, when an unknown printer took a galley of type and scrambled it to make a type specimen book. It has survived not only five centuries, but also the leap into electronic typesetting, remaining essentially unchanged. It was popularised in the 1960s with the release of Letraset sheets containing Lorem Ipsum passages, and more recently with desktop publishing software like Aldus PageMaker including versions of Lorem Ipsum.\r\n\r\n', 5, 4, '2021-09-22 04:07:40', '2021-11-24 04:57:21'),
(46, 'Reno 6', 'Reno 6', 1, '10000.00', 4444, 5, 'reno.jpg', 'هناك حقيقة مثبتة منذ زمن طويل وهي أن المحتوى المقروء لصفحة ما سيلهي القارئ عن التركيز على الشكل الخارجي للنص أو شكل توضع الفقرات في الصفحة التي يقرأها. ولذلك يتم استخدام طريقة لوريم إيبسوم لأنها تعطي توزيعاَ طبيعياَ -إلى حد ما- للأحرف عوضاً عن استخدام \"هنا يوجد محتوى نصي، هنا يوجد محتوى نصي\" فتجعلها تبدو (أي الأحرف) وكأنها نص مقروء. العديد من برامح النشر المكتبي وبرامح تحرير صفحات الويب تستخدم لوريم إيبسوم بشكل إفتراضي كنموذج عن النص، وإذا قمت بإدخال \"lorem ipsum\" في أي محرك بحث ستظهر العديد من المواقع الحديثة العهد في نتائج البحث. على مدى السنين ظهرت نسخ جديدة ومختلفة من نص لوريم إيبسوم، أحياناً عن طريق الصدفة، وأحياناً عن عمد كإدخال بعض العبارات الفكاهية إليها.\r\n\r\n', 'Lorem Ipsum is simply dummy text of the printing and typesetting industry. Lorem Ipsum has been the industry\'s standard dummy text ever since the 1500s, when an unknown printer took a galley of type and scrambled it to make a type specimen book. It has survived not only five centuries, but also the leap into electronic typesetting, remaining essentially unchanged. It was popularised in the 1960s with the release of Letraset sheets containing Lorem Ipsum passages, and more recently with desktop publishing software like Aldus PageMaker including versions of Lorem Ipsum.\r\n\r\n', 5, 5, '2021-09-22 04:07:40', '2021-11-29 07:33:20'),
(47, 'Lenovo Lapttop', 'Lenovo Lapttop', 1, '17000.00', 7754, 1, 'lenovo.jpg', 'هناك حقيقة مثبتة منذ زمن طويل وهي أن المحتوى المقروء لصفحة ما سيلهي القارئ عن التركيز على الشكل الخارجي للنص أو شكل توضع الفقرات في الصفحة التي يقرأها. ولذلك يتم استخدام طريقة لوريم إيبسوم لأنها تعطي توزيعاَ طبيعياَ -إلى حد ما- للأحرف عوضاً عن استخدام \"هنا يوجد محتوى نصي، هنا يوجد محتوى نصي\" فتجعلها تبدو (أي الأحرف) وكأنها نص مقروء. العديد من برامح النشر المكتبي وبرامح تحرير صفحات الويب تستخدم لوريم إيبسوم بشكل إفتراضي كنموذج عن النص، وإذا قمت بإدخال \"lorem ipsum\" في أي محرك بحث ستظهر العديد من المواقع الحديثة العهد في نتائج البحث. على مدى السنين ظهرت نسخ جديدة ومختلفة من نص لوريم إيبسوم، أحياناً عن طريق الصدفة، وأحياناً عن عمد كإدخال بعض العبارات الفكاهية إليها.\r\n\r\nهناك حقيقة مثبتة منذ زمن طويل وهي أن المحتوى المقروء لصفحة ما سيلهي القارئ عن التركيز على الشكل الخارجي للنص أو شكل توضع الفقرات في الصفحة التي يقرأها. ولذلك يتم استخدام طريقة لوريم إيبسوم لأنها تعطي توزيعاَ طبيعياَ -إلى حد ما- للأحرف عوضاً عن استخدام \"هنا يوجد محتوى نصي، هنا يوجد محتوى نصي\" فتجعلها تبدو (أي الأحرف) وكأنها نص مقروء. العديد من برامح النشر المكتبي وبرامح تحرير صفحات الويب تستخدم لوريم إيبسوم بشكل إفتراضي كنموذج عن النص، وإذا قمت بإدخال \"lorem ipsum\" في أي محرك بحث ستظهر العديد من المواقع الحديثة العهد في نتائج البحث. على مدى السنين ظهرت نسخ جديدة ومختلفة من نص لوريم إيبسوم، أحياناً عن طريق الصدفة، وأحياناً عن عمد كإدخال بعض العبارات الفكاهية إليها.\r\n\r\n', 'Lorem Ipsum is simply dummy text of the printing and typesetting industry. Lorem Ipsum has been the industry\'s standard dummy text ever since the 1500s, when an unknown printer took a galley of type and scrambled it to make a type specimen book. It has survived not only five centuries, but also the leap into electronic typesetting, remaining essentially unchanged. It was popularised in the 1960s with the release of Letraset sheets containing Lorem Ipsum passages, and more recently with desktop publishing software like Aldus PageMaker including versions of Lorem Ipsum.\r\n\r\n', 1, 3, '2021-09-22 04:07:40', '2021-11-24 04:58:02'),
(48, 'Dell Laptop', 'Dell Laptop', 1, '20000.00', 42424, 0, 'dell.jpg', 'هناك حقيقة مثبتة منذ زمن طويل وهي أن المحتوى المقروء لصفحة ما سيلهي القارئ عن التركيز على الشكل الخارجي للنص أو شكل توضع الفقرات في الصفحة التي يقرأها. ولذلك يتم استخدام طريقة لوريم إيبسوم لأنها تعطي توزيعاَ طبيعياَ -إلى حد ما- للأحرف عوضاً عن استخدام \"هنا يوجد محتوى نصي، هنا يوجد محتوى نصي\" فتجعلها تبدو (أي الأحرف) وكأنها نص مقروء. العديد من برامح النشر المكتبي وبرامح تحرير صفحات الويب تستخدم لوريم إيبسوم بشكل إفتراضي كنموذج عن النص، وإذا قمت بإدخال \"lorem ipsum\" في أي محرك بحث ستظهر العديد من المواقع الحديثة العهد في نتائج البحث. على مدى السنين ظهرت نسخ جديدة ومختلفة من نص لوريم إيبسوم، أحياناً عن طريق الصدفة، وأحياناً عن عمد كإدخال بعض العبارات الفكاهية إليها.\r\n\r\n', 'Lorem Ipsum is simply dummy text of the printing and typesetting industry. Lorem Ipsum has been the industry\'s standard dummy text ever since the 1500s, when an unknown printer took a galley of type and scrambled it to make a type specimen book. It has survived not only five centuries, but also the leap into electronic typesetting, remaining essentially unchanged. It was popularised in the 1960s with the release of Letraset sheets containing Lorem Ipsum passages, and more recently with desktop publishing software like Aldus PageMaker including versions of Lorem Ipsum.\r\n\r\n', 1, 2, '2021-09-22 04:07:40', '2021-11-24 04:58:07'),
(49, 'Lg TV', 'Lg TV', 1, '12000.00', 5545, 3, 'lg.jpg', 'هناك حقيقة مثبتة منذ زمن طويل وهي أن المحتوى المقروء لصفحة ما سيلهي القارئ عن التركيز على الشكل الخارجي للنص أو شكل توضع الفقرات في الصفحة التي يقرأها. ولذلك يتم استخدام طريقة لوريم إيبسوم لأنها تعطي توزيعاَ طبيعياَ -إلى حد ما- للأحرف عوضاً عن استخدام \"هنا يوجد محتوى نصي، هنا يوجد محتوى نصي\" فتجعلها تبدو (أي الأحرف) وكأنها نص مقروء. العديد من برامح النشر المكتبي وبرامح تحرير صفحات الويب تستخدم لوريم إيبسوم بشكل إفتراضي كنموذج عن النص، وإذا قمت بإدخال \"lorem ipsum\" في أي محرك بحث ستظهر العديد من المواقع الحديثة العهد في نتائج البحث. على مدى السنين ظهرت نسخ جديدة ومختلفة من نص لوريم إيبسوم، أحياناً عن طريق الصدفة، وأحياناً عن عمد كإدخال بعض العبارات الفكاهية إليها.\r\n\r\n', 'Lorem Ipsum is simply dummy text of the printing and typesetting industry. Lorem Ipsum has been the industry\'s standard dummy text ever since the 1500s, when an unknown printer took a galley of type and scrambled it to make a type specimen book. It has survived not only five centuries, but also the leap into electronic typesetting, remaining essentially unchanged. It was popularised in the 1960s with the release of Letraset sheets containing Lorem Ipsum passages, and more recently with desktop publishing software like Aldus PageMaker including versions of Lorem Ipsum.\r\n\r\n', 7, 6, '2021-09-22 04:07:40', '2021-11-24 04:58:16'),
(50, 'Samsung Tv', 'Samsung Tv', 1, '15000.00', 7777, 7, 'samsung.jpg', 'هناك حقيقة مثبتة منذ زمن طويل وهي أن المحتوى المقروء لصفحة ما سيلهي القارئ عن التركيز على الشكل الخارجي للنص أو شكل توضع الفقرات في الصفحة التي يقرأها. ولذلك يتم استخدام طريقة لوريم إيبسوم لأنها تعطي توزيعاَ طبيعياَ -إلى حد ما- للأحرف عوضاً عن استخدام \"هنا يوجد محتوى نصي، هنا يوجد محتوى نصي\" فتجعلها تبدو (أي الأحرف) وكأنها نص مقروء. العديد من برامح النشر المكتبي وبرامح تحرير صفحات الويب تستخدم لوريم إيبسوم بشكل إفتراضي كنموذج عن النص، وإذا قمت بإدخال \"lorem ipsum\" في أي محرك بحث ستظهر العديد من المواقع الحديثة العهد في نتائج البحث. على مدى السنين ظهرت نسخ جديدة ومختلفة من نص لوريم إيبسوم، أحياناً عن طريق الصدفة، وأحياناً عن عمد كإدخال بعض العبارات الفكاهية إليها.\r\n\r\n', 'Lorem Ipsum is simply dummy text of the printing and typesetting industry. Lorem Ipsum has been the industry\'s standard dummy text ever since the 1500s, when an unknown printer took a galley of type and scrambled it to make a type specimen book. It has survived not only five centuries, but also the leap into electronic typesetting, remaining essentially unchanged. It was popularised in the 1960s with the release of Letraset sheets containing Lorem Ipsum passages, and more recently with desktop publishing software like Aldus PageMaker including versions of Lorem Ipsum.\r\n\r\n', 7, 1, '2021-09-22 04:07:40', '2021-11-24 04:55:32'),
(51, 'Chepsi', 'Chepsi', 1, '10.00', 4247, 0, 'chepsi.jpg', 'هناك حقيقة مثبتة منذ زمن طويل وهي أن المحتوى المقروء لصفحة ما سيلهي القارئ عن التركيز على الشكل الخارجي للنص أو شكل توضع الفقرات في الصفحة التي يقرأها. ولذلك يتم استخدام طريقة لوريم إيبسوم لأنها تعطي توزيعاَ طبيعياَ -إلى حد ما- للأحرف عوضاً عن استخدام \"هنا يوجد محتوى نصي، هنا يوجد محتوى نصي\" فتجعلها تبدو (أي الأحرف) وكأنها نص مقروء. العديد من برامح النشر المكتبي وبرامح تحرير صفحات الويب تستخدم لوريم إيبسوم بشكل إفتراضي كنموذج عن النص، وإذا قمت بإدخال \"lorem ipsum\" في أي محرك بحث ستظهر العديد من المواقع الحديثة العهد في نتائج البحث. على مدى السنين ظهرت نسخ جديدة ومختلفة من نص لوريم إيبسوم، أحياناً عن طريق الصدفة، وأحياناً عن عمد كإدخال بعض العبارات الفكاهية إليها.\r\n\r\n', 'Lorem Ipsum is simply dummy text of the printing and typesetting industry. Lorem Ipsum has been the industry\'s standard dummy text ever since the 1500s, when an unknown printer took a galley of type and scrambled it to make a type specimen book. It has survived not only five centuries, but also the leap into electronic typesetting, remaining essentially unchanged. It was popularised in the 1960s with the release of Letraset sheets containing Lorem Ipsum passages, and more recently with desktop publishing software like Aldus PageMaker including versions of Lorem Ipsum.\r\n\r\n', 9, NULL, '2021-09-22 04:07:40', '2021-11-24 09:30:49'),
(56, 'سامسونج 70', 'samsung a70', 1, '2500.00', 29112021, 5, 'a50.jpg', 'هناك حقيقة مثبتة منذ زمن طويل وهي أن المحتوى المقروء لصفحة ما سيلهي القارئ عن التركيز على الشكل الخارجي للنص أو شكل توضع الفقرات في الصفحة التي يقرأها. ولذلك يتم استخدام طريقة لوريم إيبسوم لأنها تعطي توزيعاَ طبيعياَ -إلى حد ما- للأحرف عوضاً عن استخدام \"هنا يوجد محتوى نصي، هنا يوجد محتوى نصي\" فتجعلها تبدو (أي الأحرف) وكأنها نص مقروء. العديد من برامح النشر المكتبي وبرامح تحرير صفحات الويب تستخدم لوريم إيبسوم بشكل إفتراضي كنموذج عن النص، وإذا قمت بإدخال \"lorem ipsum\" في أي محرك بحث ستظهر العديد من المواقع الحديثة العهد في نتائج البحث. على مدى السنين ظهرت نسخ جديدة ومختلفة من نص لوريم إيبسوم، أحياناً عن طريق الصدفة، وأحياناً عن عمد كإدخال بعض العبارات الفكاهية إليها.\r\n\r\n', 'Lorem Ipsum is simply dummy text of the printing and typesetting industry. Lorem Ipsum has been the industry\'s standard dummy text ever since the 1500s, when an unknown printer took a galley of type and scrambled it to make a type specimen book. It has survived not only five centuries, but also the leap into electronic typesetting, remaining essentially unchanged. It was popularised in the 1960s with the release of Letraset sheets containing Lorem Ipsum passages, and more recently with desktop publishing software like Aldus PageMaker including versions of Lorem Ipsum.\r\n\r\n', 5, 1, '2021-11-29 06:21:36', '2021-11-29 06:21:36'),
(57, 'جبنة فيتا', 'feta cheese', 1, '5.00', 1100, 100, 'feta.png', 'تفاصيل', 'description', 11, NULL, '2022-02-23 09:11:17', '2022-02-23 09:11:17');

-- --------------------------------------------------------

--
-- Table structure for table `regions`
--

CREATE TABLE `regions` (
  `id` bigint(20) UNSIGNED NOT NULL,
  `name_en` varchar(100) NOT NULL,
  `name_ar` varchar(100) NOT NULL,
  `status` tinyint(1) DEFAULT NULL COMMENT ' 0=>nocharge   1=>has charge',
  `created_at` timestamp NOT NULL DEFAULT current_timestamp(),
  `update_at` timestamp NOT NULL DEFAULT current_timestamp() ON UPDATE current_timestamp()
) ENGINE=InnoDB DEFAULT CHARSET=utf8mb4;

--
-- Dumping data for table `regions`
--

INSERT INTO `regions` (`id`, `name_en`, `name_ar`, `status`, `created_at`, `update_at`) VALUES
(1, ' القاهره', 'cairo', 1, '2022-02-18 21:54:25', '2022-02-18 21:54:25'),
(2, 'الشرقيه', 'sharqia', 1, '2022-02-18 21:54:25', '2022-02-18 21:54:25');

-- --------------------------------------------------------

--
-- Table structure for table `reviews`
--

CREATE TABLE `reviews` (
  `product_id` bigint(20) UNSIGNED NOT NULL,
  `user_id` bigint(20) UNSIGNED NOT NULL,
  `value` tinyint(1) NOT NULL DEFAULT 0,
  `comment` longtext DEFAULT NULL,
  `created_at` timestamp NOT NULL DEFAULT current_timestamp(),
  `update_at` timestamp NOT NULL DEFAULT current_timestamp() ON UPDATE current_timestamp()
) ENGINE=InnoDB DEFAULT CHARSET=utf8mb4;

--
-- Dumping data for table `reviews`
--

INSERT INTO `reviews` (`product_id`, `user_id`, `value`, `comment`, `created_at`, `update_at`) VALUES
(42, 2, 5, 'mafe4 a7la mno', '2022-02-24 13:54:12', '2022-02-24 13:54:12'),
(44, 2, 5, 'a7la wa7ed', '2022-02-24 13:53:23', '2022-02-24 13:53:23'),
(44, 5, 3, 'bad product !!', '2022-02-24 13:24:48', '2022-02-24 13:24:48'),
(44, 23, 1, 'm4 hagebo tany', '2022-02-24 13:24:26', '2022-02-24 13:24:26'),
(45, 4, 5, '7betooo awiiii', '2022-02-24 13:13:47', '2022-02-24 13:13:47'),
(45, 5, 2, '8aly 3la fady', '2022-02-24 13:13:26', '2022-02-24 13:13:26'),
(45, 22, 4, '3gbny awii ', '2022-02-24 13:13:06', '2022-02-24 13:13:06'),
(45, 23, 3, 'gamed awii', '2022-02-23 20:44:54', '2022-02-23 20:44:54'),
(47, 23, 5, 'kwis', '2022-02-26 20:43:26', '2022-02-26 20:43:26'),
(48, 1, 4, 'tagrboo momtaza we 4rka 7lwa', '2022-02-24 13:24:10', '2022-02-24 13:24:10'),
(48, 4, 3, 'lazeazz', '2022-02-24 13:23:34', '2022-02-24 13:23:34'),
(48, 21, 4, 'good product', '2022-02-24 13:23:18', '2022-02-24 13:23:18'),
(48, 23, 5, 'laptop momtaz', '2022-02-24 13:22:58', '2022-02-24 13:22:58'),
(51, 2, 5, 'gamed gamed', '2022-02-24 13:54:44', '2022-02-24 13:54:44'),
(51, 22, 2, '4rka nsaba', '2022-02-24 13:22:37', '2022-02-24 13:22:37'),
(51, 23, 5, '3ard dah gameddd\r\n', '2022-02-24 13:22:13', '2022-02-24 13:22:13'),
(56, 1, 4, 'momtazzz', '2022-02-24 13:25:16', '2022-02-24 13:25:16'),
(56, 4, 3, '7lwwww', '2022-02-24 13:25:32', '2022-02-24 13:25:32'),
(56, 23, 5, 'mobile gamed', '2022-02-24 13:25:03', '2022-02-24 13:25:03');

-- --------------------------------------------------------

--
-- Table structure for table `sub_categories`
--

CREATE TABLE `sub_categories` (
  `id` bigint(20) UNSIGNED NOT NULL,
  `name_ar` varchar(100) NOT NULL,
  `name_en` varchar(100) NOT NULL,
  `image` varchar(100) NOT NULL,
  `status` tinyint(1) NOT NULL DEFAULT 1,
  `category_id` bigint(20) UNSIGNED NOT NULL,
  `created_at` timestamp NOT NULL DEFAULT current_timestamp(),
  `updated_at` timestamp NOT NULL DEFAULT current_timestamp()
) ENGINE=InnoDB DEFAULT CHARSET=utf8mb4;

--
-- Dumping data for table `sub_categories`
--

INSERT INTO `sub_categories` (`id`, `name_ar`, `name_en`, `image`, `status`, `category_id`, `created_at`, `updated_at`) VALUES
(1, 'لابتوبات', 'laptops', 'default.png', 1, 20, '2021-11-18 09:09:38', '2021-11-24 04:54:39'),
(5, 'موبايلات', 'mobiles', 'default.png', 1, 20, '2021-11-18 09:09:38', '2021-11-18 09:09:38'),
(6, 'كمبيوتر', 'desktop', 'default.png', 1, 20, '2021-11-18 09:09:38', '2021-11-18 09:09:38'),
(7, 'تلفزيونات', 'tv', 'default.png', 1, 20, '2021-11-18 09:13:41', '2021-11-18 09:13:41'),
(9, 'شيبسي', 'chepsi', 'default.png', 1, 33, '2021-11-24 04:56:26', '2021-11-24 04:56:26'),
(10, 'ادوات تجميل', 'makeup', '1.png', 1, 34, '2022-02-23 07:28:06', '2022-02-23 07:28:06'),
(11, 'جبن', 'cheese', 'cheese.png', 1, 33, '2022-02-23 09:11:01', '2022-02-23 09:11:01');

-- --------------------------------------------------------

--
-- Table structure for table `users`
--

CREATE TABLE `users` (
  `id` bigint(20) UNSIGNED NOT NULL,
  `first_name` varchar(50) NOT NULL,
  `last_name` varchar(50) NOT NULL,
  `email` varchar(100) NOT NULL,
  `password` varchar(255) NOT NULL,
  `phone` varchar(11) NOT NULL,
  `gender` enum('f','m') DEFAULT NULL,
  `status` tinyint(2) NOT NULL DEFAULT 0 COMMENT ' 0 =>not verivifed   1=>log in  2=> blocked',
  `image` varchar(100) DEFAULT 'default.jpg',
  `remember_token` varchar(255) DEFAULT NULL,
  `code` int(5) DEFAULT NULL,
  `code_expired_at` timestamp NULL DEFAULT NULL,
  `email_verified_at` timestamp NULL DEFAULT NULL,
  `created_at` timestamp NOT NULL DEFAULT current_timestamp(),
  `update_at` timestamp NOT NULL DEFAULT current_timestamp() ON UPDATE current_timestamp()
) ENGINE=InnoDB DEFAULT CHARSET=utf8mb4;

--
-- Dumping data for table `users`
--

INSERT INTO `users` (`id`, `first_name`, `last_name`, `email`, `password`, `phone`, `gender`, `status`, `image`, `remember_token`, `code`, `code_expired_at`, `email_verified_at`, `created_at`, `update_at`) VALUES
(1, 'Aya', 'Ali', 'aya@gmail.com', '123456', '01127487840', 'f', 0, NULL, NULL, NULL, NULL, NULL, '2022-02-18 21:23:37', '2022-02-18 21:23:37'),
(2, 'ss', 'mohamed', 'ahmefd@gmail.com', '7654321', '01234567890', 'm', 0, NULL, NULL, NULL, NULL, NULL, '2022-02-18 21:23:37', '2022-02-21 09:59:13'),
(4, 'yasmen', 'gamal', 'yasmen@gmail.com', '012345', '01234567898', 'f', 2, NULL, NULL, 555, NULL, NULL, '2022-02-18 21:31:35', '2022-02-18 21:31:35'),
(5, 'ibrahim', 'emam', 'ibrahim@gmail.com', '98553eq', '01598367296', 'm', 1, NULL, NULL, NULL, NULL, NULL, '2022-02-18 21:31:35', '2022-02-18 21:31:35'),
(21, 'Galal', 'Husseny', 'galal.husseny@gmail.com', '$2y$10$Su4gUsGVzRlVEzhZz/g7yeGPhSM/gpNl0G3WRITk3syaM6KBtmHWu', '01000498488', 'm', 1, '6214b8abd8322.jpg', '62139000c19582.05871186', 82003, '2022-02-22 13:21:52', '2022-02-22 13:20:05', '2022-02-21 11:52:53', '2022-02-22 13:20:05'),
(22, 'ahmed', 'Husseny', 'ahmed@gmail.com', '$2y$10$NVlrsL4VixDO5d3YHPH2QeacPHlpXLTxOB3O4NeKg3Efv0cp2GGE2', '01144895434', 'm', 1, 'default.jpg', NULL, 91301, '2022-02-21 12:33:27', '2022-02-21 12:31:36', '2022-02-21 11:54:08', '2022-02-21 12:31:36'),
(23, 'john', 'youssef', 'johnyoussef32@gmail.com', '$2y$10$iq5eJH7MZZobmNibluIz8OTqLmoBs3haIU/H4riu14S2A0BpjNbuG', '01277689759', 'm', 1, '621a4b14877cd.png', '62176a929bd1b8.69393598', 12345, '2022-02-23 17:56:18', '2022-02-23 17:54:52', '2022-02-23 17:54:18', '2022-02-26 15:45:24'),
(29, 'Kevin', 'yousssef', 'johnyousssef32@gmail.com', '$2y$10$4k09/El1cYSF0Clc7bWOjeYZ2xxU9nizTzxruMeVeTGEIWv/33CQC', '01119023851', 'm', 1, '621a3e04d0e08.jpg', NULL, 34317, '2022-02-25 17:16:41', '2022-02-25 17:14:39', '2022-02-25 16:01:42', '2022-02-26 15:31:19');

-- --------------------------------------------------------

--
-- Table structure for table `wishlists`
--

CREATE TABLE `wishlists` (
  `user_id` bigint(20) UNSIGNED NOT NULL,
  `product_id` bigint(20) UNSIGNED NOT NULL
) ENGINE=InnoDB DEFAULT CHARSET=utf8mb4;

--
-- Indexes for dumped tables
--

--
-- Indexes for table `addresses`
--
ALTER TABLE `addresses`
  ADD PRIMARY KEY (`id`),
  ADD KEY `region_adderss_fk` (`region_id`),
  ADD KEY `user_address_fk` (`user_id`);

--
-- Indexes for table `brands`
--
ALTER TABLE `brands`
  ADD PRIMARY KEY (`id`);

--
-- Indexes for table `cards`
--
ALTER TABLE `cards`
  ADD KEY `card_product-fk` (`product_id`),
  ADD KEY `card_user-fk` (`user_id`);

--
-- Indexes for table `categories`
--
ALTER TABLE `categories`
  ADD PRIMARY KEY (`id`);

--
-- Indexes for table `cities`
--
ALTER TABLE `cities`
  ADD PRIMARY KEY (`id`),
  ADD KEY `region_city_fk` (`region_id`);

--
-- Indexes for table `coupons`
--
ALTER TABLE `coupons`
  ADD PRIMARY KEY (`id`);

--
-- Indexes for table `offers`
--
ALTER TABLE `offers`
  ADD PRIMARY KEY (`id`);

--
-- Indexes for table `offer_product`
--
ALTER TABLE `offer_product`
  ADD KEY `offer_product_id` (`product_id`),
  ADD KEY `offer_offers_id` (`offer_id`);

--
-- Indexes for table `orders`
--
ALTER TABLE `orders`
  ADD PRIMARY KEY (`id`),
  ADD KEY `address_order_fk` (`address_id`),
  ADD KEY `coupon_order_fk` (`coupon_id`);

--
-- Indexes for table `order_product`
--
ALTER TABLE `order_product`
  ADD KEY `orders_order_products_fk` (`order_id`),
  ADD KEY `products_order_product_fk` (`product_id`);

--
-- Indexes for table `products`
--
ALTER TABLE `products`
  ADD PRIMARY KEY (`id`),
  ADD UNIQUE KEY `code` (`code`),
  ADD KEY `brands_products_fk` (`brand_id`),
  ADD KEY `subcategory_products_fk` (`sub_category_id`);

--
-- Indexes for table `regions`
--
ALTER TABLE `regions`
  ADD PRIMARY KEY (`id`);

--
-- Indexes for table `reviews`
--
ALTER TABLE `reviews`
  ADD PRIMARY KEY (`product_id`,`user_id`),
  ADD KEY `product_review_fk` (`product_id`),
  ADD KEY `user_review_fk` (`user_id`);

--
-- Indexes for table `sub_categories`
--
ALTER TABLE `sub_categories`
  ADD PRIMARY KEY (`id`),
  ADD KEY `categories_subcategories_fk` (`category_id`);

--
-- Indexes for table `users`
--
ALTER TABLE `users`
  ADD PRIMARY KEY (`id`),
  ADD UNIQUE KEY `phone` (`phone`),
  ADD UNIQUE KEY `email` (`email`),
  ADD UNIQUE KEY `remember_token` (`remember_token`);

--
-- Indexes for table `wishlists`
--
ALTER TABLE `wishlists`
  ADD PRIMARY KEY (`product_id`),
  ADD KEY `wishlists-users_fk` (`user_id`);

--
-- AUTO_INCREMENT for dumped tables
--

--
-- AUTO_INCREMENT for table `addresses`
--
ALTER TABLE `addresses`
  MODIFY `id` bigint(20) UNSIGNED NOT NULL AUTO_INCREMENT, AUTO_INCREMENT=3;

--
-- AUTO_INCREMENT for table `brands`
--
ALTER TABLE `brands`
  MODIFY `id` bigint(20) UNSIGNED NOT NULL AUTO_INCREMENT, AUTO_INCREMENT=9;

--
-- AUTO_INCREMENT for table `categories`
--
ALTER TABLE `categories`
  MODIFY `id` bigint(20) UNSIGNED NOT NULL AUTO_INCREMENT, AUTO_INCREMENT=35;

--
-- AUTO_INCREMENT for table `cities`
--
ALTER TABLE `cities`
  MODIFY `id` bigint(20) UNSIGNED NOT NULL AUTO_INCREMENT, AUTO_INCREMENT=3;

--
-- AUTO_INCREMENT for table `coupons`
--
ALTER TABLE `coupons`
  MODIFY `id` bigint(20) UNSIGNED ZEROFILL NOT NULL AUTO_INCREMENT;

--
-- AUTO_INCREMENT for table `offers`
--
ALTER TABLE `offers`
  MODIFY `id` bigint(20) UNSIGNED NOT NULL AUTO_INCREMENT;

--
-- AUTO_INCREMENT for table `orders`
--
ALTER TABLE `orders`
  MODIFY `id` bigint(20) UNSIGNED NOT NULL AUTO_INCREMENT;

--
-- AUTO_INCREMENT for table `products`
--
ALTER TABLE `products`
  MODIFY `id` bigint(20) UNSIGNED NOT NULL AUTO_INCREMENT, AUTO_INCREMENT=59;

--
-- AUTO_INCREMENT for table `regions`
--
ALTER TABLE `regions`
  MODIFY `id` bigint(20) UNSIGNED NOT NULL AUTO_INCREMENT, AUTO_INCREMENT=3;

--
-- AUTO_INCREMENT for table `sub_categories`
--
ALTER TABLE `sub_categories`
  MODIFY `id` bigint(20) UNSIGNED NOT NULL AUTO_INCREMENT, AUTO_INCREMENT=12;

--
-- AUTO_INCREMENT for table `users`
--
ALTER TABLE `users`
  MODIFY `id` bigint(20) UNSIGNED NOT NULL AUTO_INCREMENT, AUTO_INCREMENT=30;

--
-- Constraints for dumped tables
--

--
-- Constraints for table `addresses`
--
ALTER TABLE `addresses`
  ADD CONSTRAINT `region_adderss_fk` FOREIGN KEY (`region_id`) REFERENCES `regions` (`id`),
  ADD CONSTRAINT `user_address_fk` FOREIGN KEY (`user_id`) REFERENCES `users` (`id`);

--
-- Constraints for table `cards`
--
ALTER TABLE `cards`
  ADD CONSTRAINT `card_product-fk` FOREIGN KEY (`product_id`) REFERENCES `products` (`id`) ON DELETE CASCADE ON UPDATE CASCADE,
  ADD CONSTRAINT `card_user-fk` FOREIGN KEY (`user_id`) REFERENCES `users` (`id`) ON DELETE CASCADE ON UPDATE CASCADE;

--
-- Constraints for table `cities`
--
ALTER TABLE `cities`
  ADD CONSTRAINT `region_city_fk` FOREIGN KEY (`region_id`) REFERENCES `regions` (`id`);

--
-- Constraints for table `offer_product`
--
ALTER TABLE `offer_product`
  ADD CONSTRAINT `offer_offers_id` FOREIGN KEY (`offer_id`) REFERENCES `offers` (`id`) ON DELETE CASCADE ON UPDATE CASCADE,
  ADD CONSTRAINT `offer_product_id` FOREIGN KEY (`product_id`) REFERENCES `products` (`id`);

--
-- Constraints for table `orders`
--
ALTER TABLE `orders`
  ADD CONSTRAINT `address_order_fk` FOREIGN KEY (`address_id`) REFERENCES `addresses` (`id`),
  ADD CONSTRAINT `coupon_order_fk` FOREIGN KEY (`coupon_id`) REFERENCES `coupons` (`id`);

--
-- Constraints for table `order_product`
--
ALTER TABLE `order_product`
  ADD CONSTRAINT `orders_order_products_fk` FOREIGN KEY (`order_id`) REFERENCES `orders` (`id`),
  ADD CONSTRAINT `products_order_product_fk` FOREIGN KEY (`product_id`) REFERENCES `products` (`id`);

--
-- Constraints for table `products`
--
ALTER TABLE `products`
  ADD CONSTRAINT `brands_products_fk` FOREIGN KEY (`brand_id`) REFERENCES `brands` (`id`),
  ADD CONSTRAINT `subcategory_products_fk` FOREIGN KEY (`sub_category_id`) REFERENCES `sub_categories` (`id`);

--
-- Constraints for table `reviews`
--
ALTER TABLE `reviews`
  ADD CONSTRAINT `product_review_fk` FOREIGN KEY (`product_id`) REFERENCES `products` (`id`),
  ADD CONSTRAINT `user_review_fk` FOREIGN KEY (`user_id`) REFERENCES `users` (`id`);

--
-- Constraints for table `sub_categories`
--
ALTER TABLE `sub_categories`
  ADD CONSTRAINT `categories_subcategories_fk` FOREIGN KEY (`category_id`) REFERENCES `categories` (`id`);

--
-- Constraints for table `wishlists`
--
ALTER TABLE `wishlists`
  ADD CONSTRAINT `products-users_fk` FOREIGN KEY (`product_id`) REFERENCES `products` (`id`),
  ADD CONSTRAINT `wishlists-users_fk` FOREIGN KEY (`user_id`) REFERENCES `users` (`id`);
COMMIT;

/*!40101 SET CHARACTER_SET_CLIENT=@OLD_CHARACTER_SET_CLIENT */;
/*!40101 SET CHARACTER_SET_RESULTS=@OLD_CHARACTER_SET_RESULTS */;
/*!40101 SET COLLATION_CONNECTION=@OLD_COLLATION_CONNECTION */;
